流域,MSE,R²
cluster_3\01543500.csv,6432499.920191357,0.1531395701545829
cluster_3\01548500.csv,1104003.986469929,0.7506879124373395
cluster_3\01552000.csv,481532.0068911434,0.8321047174032546
cluster_3\01606500.csv,309480.02712796564,0.7161269394263856
cluster_3\01664000.csv,113377.76361144948,0.9001158390400261
