流域,MSE,R²
cluster_0\01350000.csv,649230.5243,0.323735567
cluster_0\01413500.csv,66898.20794,0.711501289
cluster_0\01423000.csv,103495.1062,0.868124627
cluster_0\01539000.csv,59089.80005,0.882104882
cluster_0\01543000.csv,167790.694,0.843882781
cluster_0\01568000.csv,351917.8285,0.414997802
cluster_0\01644000.csv,66919.37888,0.76281171
cluster_0\01667500.csv,130523.8491,0.750602581
cluster_0\02016000.csv,176158.2965,0.779197254
cluster_0\02018000.csv,121446.3062,0.84535219
